{
	"description": "项目配置文件。",
	"packOptions": {
		"ignore": []
	},
	"setting": {
		"urlCheck": true,
		"es6": true,
		"postcss": true,
		"minified": true,
		"newFeature": true
	},
	"compileType": "miniprogram",
	"libVersion": "1.9.94",
	"appid": "wx675b2704c50f7e33",
	"projectname": "%E5%85%A8%E6%98%AF%E5%A5%97%E8%B7%AF",
	"isGameTourist": false,
	"condition": {
		"search": {
			"current": -1,
			"list": []
		},
		"conversation": {
			"current": -1,
			"list": []
		},
		"plugin": {
			"current": -1,
			"list": []
		},
		"game": {
			"currentL": -1,
			"list": []
		},
		"miniprogram": {
			"current": 3,
			"list": [
				{
					"id": -1,
					"name": "ranking",
					"pathName": "pages/ranking/ranking",
					"query": ""
				},
				{
					"id": -1,
					"name": "more",
					"pathName": "pages/more/more",
					"query": ""
				},
				{
					"id": 2,
					"name": "index",
					"pathName": "pages/index/index",
					"query": "from=share&cachekey=4d1af6657de6141a600df78553a40e04   "
				},
				{
					"id": 3,
					"name": "index",
					"pathName": "pages/index/index",
					"query": "from=share&cachekey=4d1af6657de6141a600df78553a40e04"
				}
			]
		}
	}
}